{
    "team": [],
    "budget": {
        "totalAmount": "8400",
        "items": []
    },
    "roadmap": {
        "items": []
    },
    "description": "The person is proposing a treasury diversification plan and has reduced their request for ETH by 16%, now seeking 8,400 ETH instead of 10,000 ETH. They view this decision as a smart investment and humorously mention a potential transfer of funds for NFT or punk-related activities.",
    "categories": [
        {
            "name": "Other"
        }
    ],
    "coverImage": "https://i.ibb.co/BNYMqdB/image.png",
    "project": {
        "name": "",
        "description": "",
        "proposals": []
    },
    "title": "Bid on Ether Rock #0, S1E2",
    "id": "338"
}